function,keywords
Sales,sales team | customer relationships | lead generation | sales pipeline | quota management | commission tracking | CRM software | sales forecasting | account management | revenue growth
Enterprise Sales,enterprise accounts | strategic partnerships | complex deals | high-value sales | executive relationships | large-scale deployments | enterprise software | long sales cycles | solution selling | strategic partnerships
Commercial Sales,commercial customers | small business sales | local market sales | retail sales | channel partnerships | indirect sales | distributor networks | commercial software | volume sales | regional sales
Inside Sales,inside sales reps | phone sales | email sales | lead qualification | sales outreach | inside sales tools | sales automation | lead scoring | sales analytics | telesales
Field Sales,field sales reps | territory management | customer visits | field sales tools | sales enablement | product demonstrations | field sales software | sales training | account development | sales performance
Global Sales,global market | sales strategy | enterprise software | regional teams | account management | customer acquisition | market expansion | sales operations | sales analytics | customer base
Strategic Sales,strategic accounts | key customers | sales strategy | account management | customer relationships | sales operations | sales analytics | customer insights | sales forecasting | revenue growth
Mid-Market Sales,mid-market segment | small enterprise | sales strategy | account management | customer acquisition | market penetration | sales operations | sales analytics | customer engagement | revenue growth
Small Business Sales,small business market | local sales | sales strategy | account management | customer relationships | sales operations | sales analytics | customer insights | sales forecasting | retail sales
Channel Sales,channel partners | reseller network | sales strategy | account management | customer relationships | sales operations | sales analytics | partner management | revenue growth | distribution channels
Partner Sales,partner relationships | sales strategy | account growth | sales teams | customer engagement | partner development | sales pipeline | business partnerships | sales performance | revenue growth
New Business,new customers | business development | sales outreach | lead generation | customer acquisition | sales growth | new sales | business expansion | market entry | sales opportunities
Account Management,customer retention | account growth | customer satisfaction | account development | customer success | account management | customer relationships | account teams | customer engagement | relationship building
Key Account Management,strategic accounts | key customers | account growth | customer satisfaction | key account management | strategic relationships | customer success | account development | customer engagement | strategic partnerships
Sales Development,sales outreach | lead generation | sales growth | new sales | sales pipeline | business development | sales teams | customer engagement | sales performance | revenue growth
Business Development,market research | partnerships | business growth | strategic planning | market analysis | new business | sales strategy | growth initiatives | market expansion | deal sourcing
Revenue,revenue growth | forecasting | budgeting | financial planning | revenue targets | financial analysis | cost management | profit margins | financial reporting | cash flow
Revenue Operations,revenue management | forecasting tools | budgeting software | financial planning systems | revenue analytics | financial reporting | cost optimization | profitability metrics | financial KPIs | revenue forecasting
Sales Operations,sales pipeline | sales analytics | sales forecasting | sales process | sales enablement | sales tools | sales performance | sales metrics | sales reporting | sales optimization
Sales Enablement,sales training | sales content | sales tools | sales process | sales analytics | sales performance | sales metrics | sales enablement platforms | sales coaching | sales productivity
Revenue Enablement,sales enablement | product training | customer support | onboarding process | customer success | account management | sales strategy | revenue growth | customer engagement | sales tools
Outbound,telemarketing | cold calling | lead generation | sales outreach | customer acquisition | lead qualification | sales pipeline | customer conversion | sales forecasting | lead nurturing
Go-to-Market,product launch | market entry | business expansion | market research | competitive analysis | market strategy | product positioning | market segmentation | target audience | market development
Growth,business expansion | market growth | revenue increase | customer acquisition | market share | competitive advantage | strategic planning | market analysis | business development | market entry
Demand Generation,lead generation | content marketing | brand awareness | customer engagement | lead nurturing | sales pipeline | customer conversion | demand creation | lead qualification | customer acquisition
Partnerships,strategic partnerships | business collaborations | joint ventures | partnership agreements | co-branding initiatives | channel development | partner management | relationship building | mutual benefits | synergy creation
Alliances,strategic alliances | business partnerships | cooperative agreements | joint development | strategic collaborations | industry partnerships | co-marketing initiatives | business collaborations | mutual growth | co-innovation projects
Channel,sales channels | distribution networks | reseller partnerships | partner ecosystems | channel development | sales strategies | partner management | channel optimization | revenue growth | customer engagement
Account-Based Marketing,targeted marketing | account identification | personalized campaigns | customer engagement | account-based analytics | marketing automation | lead generation | customer insights | account profiling | sales enablement
Customer Acquisition,customer acquisition | lead generation | sales growth | customer onboarding | customer retention | acquisition strategies | customer engagement | customer insights | sales enablement | marketing automation
Pipeline Generation,pipeline generation | data processing | infrastructure automation | release management | CI/CD pipelines | deployment scripts | build tools | continuous integration | continuous deployment | release orchestration
Marketing,marketing campaigns | advertising analytics | customer engagement | lead generation | brand awareness | market research | customer insights | target audience | market trends | advertising platforms
Product Marketing,product launches | product positioning | market segmentation | target audience | product messaging | product positioning | product marketing materials | product demos | product trials | product adoption
Brand,brand identity | brand guidelines | brand messaging | brand voice | brand assets | brand management | brand reputation | brand awareness | brand consistency | brand strategy
Digital Marketing,digital campaigns | social media | email marketing | search engine optimization | paid advertising | content marketing | influencer marketing | customer experience | digital analytics | customer journey
Performance Marketing,ad spend | ROI analysis | CPM metrics | landing page | conversion rates | retargeting ads | affiliate marketing | paid social | budget allocation | media planning
Content,content calendar | SEO optimization | blog posts | video production | social media | email newsletters | brand voice | storytelling | content strategy | editorial team
Marketing Operations,marketing automation | CRM software | data analysis | workflow management | lead scoring | sales funnel | customer journey | segmentation | personalization | AB testing
Acquisition,lead generation | customer acquisition | sales pipeline | lead nurturing | account management | sales team | customer onboarding | sales enablement | lead qualification | sales forecasting
Communications,PR agency | press releases | media relations | crisis management | internal comms | stakeholder engagement | corporate messaging | brand reputation | reputation management | public affairs
Public Relations,media relations | crisis management | press releases | social media | reputation management | brand awareness | communication strategy | public image | stakeholder engagement | corporate messaging
Product Management,product roadmap | release management | feature development | product lifecycle | market analysis | customer feedback | product positioning | competitive analysis | market research | product launch
Product Strategy,product vision | market segmentation | target audience | product differentiation | competitive strategy | market positioning | product portfolio | market analysis | customer needs | product innovation
Platform,infrastructure automation | cloud services | containerization | microservices architecture | API management | service mesh | container orchestration | serverless computing | cloud security | DevOps tools
Engineering,software development | CI/CD pipelines | infrastructure as code | DevOps practices | agile methodologies | code review | testing frameworks | continuous integration | continuous deployment | release management
Software Engineering,code review | version control | software deployment | release management | testing frameworks | CI/CD pipelines | infrastructure automation | security compliance | API documentation | agile methodologies
Technology,IT infrastructure | network security | data storage | cloud computing | cybersecurity measures | IT services | digital transformation | tech support | hardware maintenance | software licensing
Infrastructure,IT infrastructure | data centers | network architecture | storage solutions | cloud hosting | infrastructure management | server maintenance | backup systems | disaster recovery | network security
Architecture,system architecture | solution design | technical architecture | infrastructure planning | system integration | data modeling | business architecture | technical requirements | system design | solution architecture
DevOps,CI/CD pipelines | infrastructure automation | release management | testing frameworks | agile methodologies | continuous monitoring | IT service management | change management | incident management | release engineering
Cloud,cloud infrastructure | cloud services | cloud storage | cloud computing | cloud security | cloud migration | cloud deployment | cloud provider | cloud management | cloud platform
Research and Development,R&D pipeline | product development | software development | release management | CI/CD pipelines | infrastructure automation | testing frameworks | agile methodologies | devops tools | product roadmap
Innovation,innovation strategy | disruption models | innovation labs | design thinking | ideation tools | innovation metrics | innovation culture | futures studies | disruptive technologies | innovation management
Data,data storage | data analytics | data management | data security | data governance | data quality | data integration | data warehousing | data visualization | data mining
Data Science,data science team | machine learning | data modeling | predictive analytics | data visualization | data mining | data governance | data quality | data engineering | data architecture
Data Engineering,data pipelines | ETL processes | data warehousing | data governance | data quality | data modeling | data integration | data architecture | data storage | data lakes
Analytics,business analytics | data analysis | reporting tools | dashboard software | data visualization | statistical models | predictive analytics | data mining | data science | data insights
Business Intelligence,BI platforms | data visualization | reporting software | dashboard tools | data analytics | business metrics | key performance indicators | KPI tracking | data reporting | business insights
Machine Learning,ML algorithms | deep learning | neural networks | predictive models | supervised learning | unsupervised learning | reinforcement learning | natural language processing | image recognition | model training
Artificial Intelligence,AI frameworks | natural language processing | computer vision | robotics engineering | expert systems | rule-based systems | AI models | AI training | AI deployment | AI applications
Information Technology,IT infrastructure | software deployment | release management | CI/CD pipelines | DevOps tools | cloud computing | network management | system administration | IT service management | helpdesk software
Information Security,security compliance | risk management | incident response | vulnerability assessment | penetration testing | security information | event management | identity access | security analytics | threat intelligence
Cybersecurity,cyber threat | incident response | security posture | vulnerability management | threat intelligence | security analytics | compliance reporting | risk assessment | security awareness | cyber insurance
Digital Transformation,digital strategy | IT modernization | cloud adoption | data analytics | artificial intelligence | machine learning | digital innovation | business agility | customer experience | digital engagement
Enterprise Architecture,EA framework | business architecture | IT architecture | solution architecture | technical debt | system integration | data governance | infrastructure planning | application portfolio | IT landscape
Systems,IT infrastructure | system administration | network management | server maintenance | hardware support | software deployment | release management | change management | system monitoring | infrastructure management
Operations,IT operations | service management | incident response | problem management | change control | release management | infrastructure automation | security compliance | IT service management | service desk
Business Operations,business process | workflow automation | process optimization | business intelligence | data analytics | reporting tools | business metrics | key performance indicators | process management | business analysis
Strategy,business strategy | market analysis | competitive analysis | market research | business planning | strategic planning | growth strategy | market expansion | business development | market intelligence
Strategy and Operations,business transformation | operational excellence | strategic planning | business process optimization | change management | organizational design | business model innovation | growth strategy | market expansion | business development
Corporate Development,M&A strategy | synergy analysis | growth initiatives | market research | due diligence | acquisition planning | integration management | portfolio optimization | capital allocation | strategic partnerships
Project Management,project timelines | resource allocation | task management | budgeting software | Gantt charts | project coordination | team collaboration | issue tracking | risk assessment | project metrics
Program Management,program roadmaps | portfolio management | benefit realization | program governance | change management | stakeholder engagement | program metrics | benefit analysis | program delivery | agile methodologies
Delivery,deployment schedules | release management | infrastructure automation | CI/CD pipelines | testing frameworks | delivery pipelines | quality assurance | release planning | deployment tools | continuous delivery
Implementation,solution implementation | change management | process automation | system integration | data migration | solution deployment | user adoption | training programs | solution support | post-implementation reviews
Finance,financial management | budget planning | cash flow | financial reporting | accounting systems | financial analysis | investment management | risk assessment | financial modeling | forecasting
Financial Planning and Analysis,financial planning | budgeting | forecasting | financial modeling | data analysis | business intelligence | financial reporting | performance metrics | key performance indicators | strategic planning
Accounting,accounting systems | financial reporting | accounting standards | auditing | financial statements | accounting software | general ledger | accounting practices | financial compliance | tax accounting
Treasury,cash management | treasury management | financial risk | investment management | liquidity management | foreign exchange | interest rates | treasury systems | financial markets | capital markets
Tax,tax compliance | tax planning | tax strategy | tax laws | tax regulations | tax returns | tax accounting | tax consulting | tax optimization | tax planning software
Risk,risk assessment | security audits | compliance reports | threat analysis | vulnerability scans | incident response | regulatory compliance | audit management | compliance monitoring | governance framework
Compliance,compliance reports | regulatory audits | risk assessment | compliance monitoring | governance framework | policy management | audit management | compliance software | regulatory compliance | compliance training
Investor Relations,investor relations | stock performance | financial reports | earnings calls | shareholder engagement | IR software | financial analysis | market research | investor communications | corporate governance
Corporate Finance,financial planning | budgeting software | financial analysis | forecasting models | financial reporting | accounting software | financial management | cash flow management | financial modeling | financial strategy
Investment Management,investment portfolios | asset management | risk analysis | investment research | portfolio optimization | investment software | financial planning | investment strategy | asset allocation | investment performance
Portfolio Management,investment portfolios | asset allocation | risk management | performance tracking | financial planning | portfolio optimization | asset selection | return analysis | investment strategy | asset diversification
Asset Management,asset tracking | inventory management | asset maintenance | asset lifecycle | asset utilization | asset allocation | asset valuation | asset optimization | asset reporting | asset intelligence
Wealth Management,wealth creation | wealth protection | wealth growth | wealth transfer | wealth planning | wealth strategy | wealth management | financial planning | investment advice | retirement planning
Capital Markets,market analysis | market research | market trends | market data | market intelligence | market insights | market forecasting | market risk | market volatility | market trading
Mergers and Acquisitions,merger integration | acquisition strategy | due diligence | target evaluation | deal negotiation | transaction management | post-merger planning | synergy realization | integration planning | acquisition financing
Underwriting,insurance policies | risk assessment | policy issuance | claim processing | premium calculation | policy management | insurance underwriting | policy review | coverage analysis | policy approval
Legal,contract review | litigation support | legal research | regulatory compliance | contract negotiation | dispute resolution | legal counsel | contract drafting | legal advice | contract management
Legal and Compliance,regulatory compliance | compliance management | risk assessment | policy review | contract compliance | compliance audit | regulatory reporting | compliance training | regulatory analysis | compliance monitoring
Procurement,supplier management | procurement process | sourcing strategy | contract negotiation | procurement team | supplier selection | procurement policy | contract award | procurement management | supplier relationship
Supply Chain,logistics management | supply chain optimization | inventory management | warehousing operations | transportation management | supply chain visibility | supply chain risk | supply chain analytics | demand planning | supply chain integration
Sourcing,talent acquisition | candidate screening | job postings | recruitment agencies | applicant tracking | HR software | candidate sourcing | job boards | resume databases | candidate pipeline
Vendor Management,supplier relationships | contract management | procurement teams | vendor onboarding | supplier performance | contract negotiation | supplier diversity | vendor risk | procurement software | supplier management
Purchasing,procurement processes | purchase orders | invoicing systems | expense reporting | procurement teams | supplier contracts | procurement software | purchase requisitions | inventory management | supply chain
Logistics,shipping carriers | warehousing operations | inventory management | transportation management | freight forwarding | supply chain | delivery tracking | warehousing software | inventory control | distribution centers
Distribution,warehousing operations | inventory management | shipping carriers | transportation management | delivery tracking | warehousing software | inventory control | distribution centers | order fulfillment | supply chain
Warehousing,inventory management | warehouse operations | stock control | shipping logistics | storage facilities | order fulfillment | supply chain management | distribution centers | warehousing software | inventory tracking
Manufacturing,production lines | assembly processes | quality control | manufacturing systems | production planning | supply chain management | inventory control | production scheduling | factory automation | assembly lines
Production,production planning | assembly processes | quality control | production lines | manufacturing systems | production scheduling | factory automation | assembly lines | production management | inventory control
Quality Assurance,quality control | testing protocols | assurance processes | quality management | compliance audits | risk assessment | quality metrics | testing software | quality standards | certification processes
Quality Control,quality metrics | testing protocols | control processes | quality management | compliance audits | risk assessment | quality standards | testing software | quality assurance | certification processes
Environment Health and Safety,safety protocols | environmental compliance | health monitoring | risk assessment | regulatory audits | hazard management | emergency response | incident reporting | occupational health | industrial hygiene
Maintenance,equipment maintenance | asset management | preventive care | scheduled repairs | facility upkeep | infrastructure management | capital projects | work order system | asset tracking | facility operations
People,employee engagement | workforce management | talent development | performance metrics | employee experience | organizational design | change management | leadership development | organizational culture | workplace analytics
Human Resources,HR software | benefits administration | payroll processing | recruitment tools | employee onboarding | performance management | compensation planning | benefits management | HR analytics | talent management
Talent Acquisition,recruitment marketing | candidate sourcing | applicant tracking | job posting platforms | candidate experience | talent pipeline | hiring managers | candidate screening | interview scheduling | talent analytics
Talent Management,employee data | HR systems | recruitment process | performance metrics | talent pool | job openings | candidate sourcing | employee engagement | training programs | benefits administration
Learning and Development,training sessions | course materials | learning platforms | skill development | professional growth | certification programs | workshops and seminars | online courses | curriculum design | employee upskilling
Workforce Management,scheduling software | time tracking | attendance records | workforce analytics | staffing levels | shift management | leave requests | employee scheduling | workforce planning | resource allocation
Executive Leadership,strategic planning | executive team | leadership development | corporate governance | board of directors | executive compensation | CEO performance | C-suite executives | executive coaching | organizational change
General Management,business operations | project management | departmental budgets | resource allocation | team leadership | change management | business strategy | organizational design | performance metrics | business growth
Founder,company creation | venture capital | founding team | startups | funding rounds | business plan | market analysis | product launch | growth strategy | exit planning
Chief of Staff,executive support | office management | team coordination | project planning | meeting scheduling | communication protocols | decision making | strategic planning | team building | office operations
Consulting,business strategy | market research | competitive analysis | process improvement | cost reduction | operational efficiency | change management | organizational design | performance metrics | best practices
Advisory,strategic guidance | risk management | compliance oversight | regulatory affairs | industry expertise | market intelligence | business development | partnership formation | merger integration | acquisition support
Professional Services,service delivery | client management | project execution | quality assurance | service level agreements | billing and invoicing | contract negotiation | client onboarding | service optimization | client satisfaction
Real Estate,property listings | real estate market | home sales | brokerage services | listing agreements | MLS access | property valuations | residential sales | commercial listings | realtor networks
Facilities,space management | infrastructure automation | building maintenance | HVAC systems | security compliance | access control | parking management | building operations | energy efficiency | sustainability initiatives
Workplace,workplace culture | employee engagement | HR software | benefits administration | performance management | talent acquisition | learning management | employee experience | diversity initiatives | wellness programs
Property Management,property maintenance | lease agreements | rental income | tenant screening | property inspections | repair requests | maintenance scheduling | property accounting | asset management | portfolio analysis
Clinical Operations,clinical trials | study management | regulatory compliance | patient data | medical records | clinical research | study coordination | site management | data management | safety monitoring
Medical Affairs,medical information | drug safety | clinical trials | regulatory submissions | pharmaceutical industry | medical writing | drug labeling | adverse event | medical education | drug development
Regulatory Affairs,regulatory compliance | drug approval | pharmaceutical regulations | clinical trial | regulatory submissions | drug labeling | pharmaceutical industry | regulatory affairs | drug safety | good manufacturing practice
Drug Development,drug development | pharmaceutical industry | clinical trials | drug safety | regulatory submissions | pharmaceutical regulations | drug approval | pharmaceutical manufacturing | drug formulation | biotechnology products
Clinical Development,clinical development | clinical trials | drug safety | pharmaceutical industry | regulatory submissions | pharmaceutical regulations | drug approval | pharmaceutical manufacturing | biostatistics analysis | clinical research
Pharmacovigilance,pharmacovigilance | drug safety | adverse event | pharmaceutical industry | medical information | regulatory compliance | pharmaceutical regulations | drug monitoring | pharmacovigilance software | adverse reaction
Government Affairs,lobbying efforts | regulatory compliance | policy analysis | legislative tracking | government relations | public policy | advocacy campaigns | issue management | stakeholder engagement | civic engagement
Public Affairs,reputation management | media relations | crisis communications | public perception | community outreach | stakeholder engagement | issue management | social responsibility | brand awareness | corporate social responsibility
Corporate Affairs,corporate governance | stakeholder engagement | reputation management | brand management | corporate social responsibility | sustainability initiatives | ESG reporting | risk management | compliance management | corporate citizenship
Editorial,content creation | editorial calendar | story development | article writing | proofreading services | fact-checking | content strategy | SEO optimization | content marketing | publishing workflow
Publishing,book publishing | digital publishing | content distribution | print-on-demand | ebook conversion | formatting services | cover design | book formatting | self-publishing | content delivery
Media,media content | video editing | audio mixing | broadcasting | streaming services | content delivery | digital signage | multimedia platforms | video conferencing | live streaming
Academic Affairs,academic programs | curriculum development | faculty management | degree tracking | student advising | academic support | course scheduling | degree audits | academic reporting | student success
Admissions,application processing | student recruitment | admissions software | candidate evaluation | enrollment management | applicant tracking | admissions analytics | candidate sourcing | enrollment forecasting | yield management
Enrollment,student enrollment | degree completion | retention strategies | student success | enrollment growth | student engagement | degree attainment | student outcomes | enrollment analytics | student retention
